model,features,round,size,rep,full,seconds,group,n,base_rate,mean_pred,brier,auc,fpr50,flag50
kumo_small,fe,1,18028,0,True,98.30768775939941,All,7807,0.30062764185986934,0.2978830933570862,0.1865893985101027,0.7071549527024602,0.055860805860805864,0.09888561547329319
kumo_small,fe,1,18028,0,True,98.30768775939941,Men,6857,0.31194399883330903,0.3107559084892273,0.1910429262832578,0.7027810295921383,0.0635862653666808,0.11098147878080793
kumo_small,fe,1,18028,0,True,98.30768775939941,Women,950,0.21894736842105264,0.2049684226512909,0.15444430383586613,0.7149206925150322,0.006738544474393531,0.011578947368421053
kumo_small,fe,1,18028,0,True,98.30768775939941,Black,4534,0.31473312748125276,0.3041899502277374,0.19298772478311527,0.6992409706679923,0.058255551979401354,0.1027790030877812
kumo_small,fe,1,18028,0,True,98.30768775939941,White,3273,0.281087687137183,0.2891463339328766,0.17772596700327747,0.7168651490234483,0.05269868253293668,0.09349220898258478
kumo_small,fe,1,18028,0,True,98.30768775939941,Black men,4195,0.3215733015494637,0.3125418722629547,0.1963845439806806,0.6927603643832891,0.06324666198172874,0.10965435041716329
kumo_small,fe,1,18028,0,True,98.30768775939941,White men,2662,0.29676934635612323,0.30794140696525574,0.1826251628570037,0.7188710375419236,0.0641025641025641,0.11307287753568745
kumo_small,fe,1,18028,0,True,98.30768775939941,Black women,339,0.23008849557522124,0.2008379101753235,0.15095333972769764,0.7600943118184498,0.0038314176245210726,0.017699115044247787
kumo_small,fe,1,18028,0,True,98.30768775939941,White women,611,0.2127659574468085,0.2072601318359375,0.15638118899571737,0.6884215576523269,0.008316008316008316,0.008183306055646482
kumo_small,fe,1,18028,1,True,92.67188024520874,All,7807,0.30062764185986934,0.29829463362693787,0.18655827249231907,0.7071889763410855,0.05622710622710623,0.09914179582426028
kumo_small,fe,1,18028,1,True,92.67188024520874,Men,6857,0.31194399883330903,0.3109249174594879,0.19102982718406658,0.7027517979445098,0.06379821958456973,0.11083564240921685
kumo_small,fe,1,18028,1,True,92.67188024520874,Women,950,0.21894736842105264,0.2071302980184555,0.15428306141725293,0.7150308417997097,0.008086253369272238,0.014736842105263158
kumo_small,fe,1,18028,1,True,92.67188024520874,Black,4534,0.31473312748125276,0.3043714463710785,0.19293944773366273,0.6993684040535996,0.05889925973607982,0.1027790030877812
kumo_small,fe,1,18028,1,True,92.67188024520874,White,3273,0.281087687137183,0.2898765504360199,0.17771859985429522,0.7168494428943624,0.05269868253293668,0.09410326917201345
kumo_small,fe,1,18028,1,True,92.67188024520874,Black men,4195,0.3215733015494637,0.31260204315185547,0.19637120306864506,0.6927809412974499,0.06394940267041462,0.10917759237187127
kumo_small,fe,1,18028,1,True,92.67188024520874,White men,2662,0.29676934635612323,0.30828195810317993,0.18261244482651343,0.7187878664935627,0.06356837606837606,0.11344853493613824
kumo_small,fe,1,18028,1,True,92.67188024520874,Black women,339,0.23008849557522124,0.20252077281475067,0.150472740859766,0.7600451910796738,0.0038314176245210726,0.02359882005899705
kumo_small,fe,1,18028,1,True,92.67188024520874,White women,611,0.2127659574468085,0.20968779921531677,0.15639713452525306,0.688373580681273,0.010395010395010396,0.009819967266775777
kumo_small,fe,1,18028,2,True,91.24935531616211,All,7807,0.30062764185986934,0.2983095347881317,0.18665421944348998,0.7068432384261102,0.05622710622710623,0.0995260663507109
kumo_small,fe,1,18028,2,True,91.24935531616211,Men,6857,0.31194399883330903,0.3112882673740387,0.19110922843212572,0.7024937171775665,0.06401017380245867,0.11171066063876331
kumo_small,fe,1,18028,2,True,91.24935531616211,Women,950,0.21894736842105264,0.20463041961193085,0.1544984335118322,0.7149919655815882,0.006738544474393531,0.011578947368421053
kumo_small,fe,1,18028,2,True,91.24935531616211,Black,4534,0.31473312748125276,0.30481573939323425,0.19307768109600698,0.6988038628780684,0.05889925973607982,0.10322011468901632
kumo_small,fe,1,18028,2,True,91.24935531616211,White,3273,0.281087687137183,0.2892966568470001,0.17775596856279585,0.7166605074003585,0.05269868253293668,0.09440879926672777
kumo_small,fe,1,18028,2,True,91.24935531616211,Black men,4195,0.3215733015494637,0.3132496476173401,0.196491203277372,0.692197494617444,0.06394940267041462,0.1101311084624553
kumo_small,fe,1,18028,2,True,91.24935531616211,White men,2662,0.29676934635612323,0.30819737911224365,0.18262786687096558,0.7189298658444228,0.0641025641025641,0.11419984973703982
kumo_small,fe,1,18028,2,True,91.24935531616211,Black women,339,0.23008849557522124,0.20044931769371033,0.15083660277498565,0.7612240888102957,0.0038314176245210726,0.017699115044247787
kumo_small,fe,1,18028,2,True,91.24935531616211,White women,611,0.2127659574468085,0.20695023238658905,0.15653012028726754,0.6876859107628338,0.008316008316008316,0.008183306055646482
kumo_small,fe,1,18028,3,True,91.23949861526489,All,7807,0.30062764185986934,0.29869258403778076,0.18666601911623681,0.7067726940010706,0.05695970695970696,0.1001665172281286
kumo_small,fe,1,18028,3,True,91.23949861526489,Men,6857,0.31194399883330903,0.3114628791809082,0.1911429243234978,0.7023070805392339,0.06464603645612547,0.11200233338194546
kumo_small,fe,1,18028,3,True,91.23949861526489,Women,950,0.21894736842105264,0.20651787519454956,0.15435218858340657,0.7149595687331536,0.008086253369272238,0.014736842105263158
kumo_small,fe,1,18028,3,True,91.23949861526489,Black,4534,0.31473312748125276,0.3051477372646332,0.19302704022084594,0.6989010731244343,0.05986482137109752,0.1043228936921041
kumo_small,fe,1,18028,3,True,91.23949861526489,White,3273,0.281087687137183,0.28975045680999756,0.17785426546872754,0.7163242114599309,0.053123671908202295,0.09440879926672777
kumo_small,fe,1,18028,3,True,91.23949861526489,Black men,4195,0.3215733015494637,0.3134671747684479,0.196473219703835,0.6922040062991404,0.06500351370344343,0.11084624553039332
kumo_small,fe,1,18028,3,True,91.23949861526489,White men,2662,0.29676934635612323,0.30830439925193787,0.18274300354193712,0.718327382884345,0.0641025641025641,0.11382419233658903
kumo_small,fe,1,18028,3,True,91.23949861526489,Black women,339,0.23008849557522124,0.20219777524471283,0.15038183983400472,0.7619117791531584,0.0038314176245210726,0.02359882005899705
kumo_small,fe,1,18028,3,True,91.23949861526489,White women,611,0.2127659574468085,0.20891481637954712,0.1565550498371664,0.6870462178154487,0.010395010395010396,0.009819967266775777
kumo_small,fe,1,18028,4,True,91.1956787109375,All,7807,0.30062764185986934,0.2981685996055603,0.186588645469829,0.7071800022162187,0.056776556776556776,0.09939797617522736
kumo_small,fe,1,18028,4,True,91.1956787109375,Men,6857,0.31194399883330903,0.31081846356391907,0.19106178829245124,0.7026872901390653,0.06443408223823655,0.11141898789558116
kumo_small,fe,1,18028,4,True,91.1956787109375,Women,950,0.21894736842105264,0.2068633735179901,0.15430197143328078,0.7156075057018454,0.008086253369272238,0.01263157894736842
kumo_small,fe,1,18028,4,True,91.1956787109375,Black,4534,0.31473312748125276,0.30441799759864807,0.19296686533359458,0.6993453983804457,0.059221113614419056,0.10255844728716365
kumo_small,fe,1,18028,4,True,91.1956787109375,White,3273,0.281087687137183,0.28951144218444824,0.1777530668378971,0.7167736839187715,0.05354866128346791,0.09501985945615643
kumo_small,fe,1,18028,4,True,91.1956787109375,Black men,4195,0.3215733015494637,0.3126884996891022,0.19637804174874263,0.6928033414824859,0.06430077301475755,0.10941597139451728
kumo_small,fe,1,18028,4,True,91.1956787109375,White men,2662,0.29676934635612323,0.3078714609146118,0.18268399593740162,0.7185322676620145,0.06463675213675214,0.11457550713749061
kumo_small,fe,1,18028,4,True,91.1956787109375,Black women,339,0.23008849557522124,0.20207378268241882,0.1507548150045505,0.7609293643776401,0.0038314176245210726,0.017699115044247787
kumo_small,fe,1,18028,4,True,91.1956787109375,White women,611,0.2127659574468085,0.20952078700065613,0.1562700336744257,0.6891731968655046,0.010395010395010396,0.009819967266775777
kumo_small,fe,1,18028,5,True,92.81909227371216,All,7807,0.30062764185986934,0.29805392026901245,0.18662679056478418,0.7071441447346859,0.05512820512820513,0.09760471371845779
kumo_small,fe,1,18028,5,True,92.81909227371216,Men,6857,0.31194399883330903,0.31084656715393066,0.19109086241346082,0.7027617565227697,0.06295040271301398,0.10966895143648826
kumo_small,fe,1,18028,5,True,92.81909227371216,Women,950,0.21894736842105264,0.20571793615818024,0.15440558986333605,0.7154390420899854,0.005390835579514825,0.010526315789473684
kumo_small,fe,1,18028,5,True,92.81909227371216,Black,4534,0.31473312748125276,0.3044402301311493,0.1930166261653807,0.6992521351858464,0.057933698101062116,0.10101455668284076
kumo_small,fe,1,18028,5,True,92.81909227371216,White,3273,0.281087687137183,0.2892071008682251,0.17777512096102477,0.7168480570594431,0.051423714407139824,0.09288114879315612
kumo_small,fe,1,18028,5,True,92.81909227371216,Black men,4195,0.3215733015494637,0.3127569556236267,0.1964321388722515,0.6927016290143866,0.06324666198172874,0.10798569725864124
kumo_small,fe,1,18028,5,True,92.81909227371216,White men,2662,0.29676934635612323,0.30783599615097046,0.18267363673929596,0.718905523098561,0.0625,0.11232156273478587
kumo_small,fe,1,18028,5,True,92.81909227371216,Black women,339,0.23008849557522124,0.20152400434017181,0.15075091582519481,0.7612240888102957,0.0,0.014749262536873156
kumo_small,fe,1,18028,5,True,92.81909227371216,White women,611,0.2127659574468085,0.2080448418855667,0.15643330590086446,0.6886134655365425,0.008316008316008316,0.008183306055646482
kumo_small,fe,1,18028,6,True,92.70240616798401,All,7807,0.30062764185986934,0.2986127734184265,0.1865850704205129,0.7072428991261543,0.05622710622710623,0.09939797617522736
kumo_small,fe,1,18028,6,True,92.70240616798401,Men,6857,0.31194399883330903,0.31109410524368286,0.19108975085684327,0.702600437463993,0.06401017380245867,0.11141898789558116
kumo_small,fe,1,18028,6,True,92.70240616798401,Women,950,0.21894736842105264,0.20852400362491608,0.1540707612079684,0.7162748807795978,0.006738544474393531,0.01263157894736842
kumo_small,fe,1,18028,6,True,92.70240616798401,Black,4534,0.31473312748125276,0.3046568036079407,0.19294058749308715,0.6995074530486916,0.058577405857740586,0.1023378914865461
kumo_small,fe,1,18028,6,True,92.70240616798401,White,3273,0.281087687137183,0.29024019837379456,0.17778094136244643,0.7167972431124006,0.053123671908202295,0.09532538955087076
kumo_small,fe,1,18028,6,True,92.70240616798401,Black men,4195,0.3215733015494637,0.3127613961696625,0.19639231144382566,0.692786541343709,0.06359803232607168,0.10893921334922527
kumo_small,fe,1,18028,6,True,92.70240616798401,White men,2662,0.29676934635612323,0.30846667289733887,0.18273353685895025,0.7183814778751487,0.06463675213675214,0.11532682193839218
kumo_small,fe,1,18028,6,True,92.70240616798401,Black women,339,0.23008849557522124,0.20436564087867737,0.15022677636226675,0.7618626584143826,0.0038314176245210726,0.02064896755162242
kumo_small,fe,1,18028,6,True,92.70240616798401,White women,611,0.2127659574468085,0.21083121001720428,0.156203512210739,0.6893970893970893,0.008316008316008316,0.008183306055646482
kumo_small,fe,1,18028,7,True,91.31129598617554,All,7807,0.30062764185986934,0.2979738712310791,0.18666509773053644,0.7067719526603208,0.05622710622710623,0.09862943512232612
kumo_small,fe,1,18028,7,True,91.31129598617554,Men,6857,0.31194399883330903,0.3105870485305786,0.19113391334664906,0.7023330422059412,0.06401017380245867,0.1105439696660347
kumo_small,fe,1,18028,7,True,91.31129598617554,Women,950,0.21894736842105264,0.20693330466747284,0.15440965701507936,0.7151085942359527,0.006738544474393531,0.01263157894736842
kumo_small,fe,1,18028,7,True,91.31129598617554,Black,4534,0.31473312748125276,0.3041989207267761,0.1931056584395651,0.6986786849506134,0.05889925973607982,0.10189677988531098
kumo_small,fe,1,18028,7,True,91.31129598617554,White,3273,0.281087687137183,0.2893504500389099,0.17774315998084636,0.7167519725050353,0.05269868253293668,0.09410326917201345
kumo_small,fe,1,18028,7,True,91.31129598617554,Black men,4195,0.3215733015494637,0.31237906217575073,0.1965300821935089,0.6920539771528531,0.06394940267041462,0.10846245530393325
kumo_small,fe,1,18028,7,True,91.31129598617554,White men,2662,0.29676934635612323,0.30776306986808777,0.1826301837025555,0.7188122092394245,0.0641025641025641,0.11382419233658903
kumo_small,fe,1,18028,7,True,91.31129598617554,Black women,339,0.23008849557522124,0.20297281444072723,0.1507296771776342,0.7615188132429512,0.0038314176245210726,0.02064896755162242
kumo_small,fe,1,18028,7,True,91.31129598617554,White women,611,0.2127659574468085,0.2091306895017624,0.1564514134224344,0.687893810970734,0.008316008316008316,0.008183306055646482
kumo_small,fe,1,18028,8,True,90.7105917930603,All,7807,0.30062764185986934,0.29821470379829407,0.18663497375971272,0.7069902189842538,0.056043956043956046,0.09850134494684258
kumo_small,fe,1,18028,8,True,90.7105917930603,Men,6857,0.31194399883330903,0.3109498620033264,0.19111012804389502,0.7025066484657547,0.0635862653666808,0.11025229692285256
kumo_small,fe,1,18028,8,True,90.7105917930603,Women,950,0.21894736842105264,0.20629383623600006,0.15433378120535712,0.7153483309143687,0.008086253369272238,0.01368421052631579
kumo_small,fe,1,18028,8,True,90.7105917930603,Black,4534,0.31473312748125276,0.3045865297317505,0.19305856951739644,0.6989614066300095,0.058577405857740586,0.1023378914865461
kumo_small,fe,1,18028,8,True,90.7105917930603,White,3273,0.281087687137183,0.289387971162796,0.17773653710669163,0.7168503667843087,0.05269868253293668,0.09318667888787045
kumo_small,fe,1,18028,8,True,90.7105917930603,Black men,4195,0.3215733015494637,0.3129056692123413,0.19651360815003488,0.6921965829820065,0.06359803232607168,0.10893921334922527
kumo_small,fe,1,18028,8,True,90.7105917930603,White men,2662,0.29676934635612323,0.3078676462173462,0.18259487671209304,0.7189650275884454,0.06356837606837606,0.11232156273478587
kumo_small,fe,1,18028,8,True,90.7105917930603,Black women,339,0.23008849557522124,0.20164021849632263,0.15030374042029282,0.7626977109735731,0.0038314176245210726,0.02064896755162242
kumo_small,fe,1,18028,8,True,90.7105917930603,White women,611,0.2127659574468085,0.20887579023838043,0.15656976128086741,0.6871901487286103,0.010395010395010396,0.009819967266775777
kumo_small,fe,1,18028,9,True,91.61698508262634,All,7807,0.30062764185986934,0.29812830686569214,0.186625497327194,0.7069740655594938,0.05567765567765568,0.09786089406942487
kumo_small,fe,1,18028,9,True,91.61698508262634,Men,6857,0.31194399883330903,0.31089985370635986,0.1910820027009985,0.7026228318787864,0.06337431114879186,0.10981478780807934
kumo_small,fe,1,18028,9,True,91.61698508262634,Women,950,0.21894736842105264,0.2059445083141327,0.15445891064490172,0.7149530893634667,0.006738544474393531,0.011578947368421053
kumo_small,fe,1,18028,9,True,91.61698508262634,Black,4534,0.31473312748125276,0.3046324849128723,0.1929176415726917,0.6994394509853983,0.05889925973607982,0.10167622408469343
kumo_small,fe,1,18028,9,True,91.61698508262634,White,3273,0.281087687137183,0.2891182601451874,0.17790915696389228,0.7160946248082928,0.051423714407139824,0.0925756186984418
kumo_small,fe,1,18028,9,True,91.61698508262634,Black men,4195,0.3215733015494637,0.3129035234451294,0.1963393035491895,0.6928534814315489,0.06394940267041462,0.10846245530393325
kumo_small,fe,1,18028,9,True,91.61698508262634,White men,2662,0.29676934635612323,0.3077424168586731,0.18279711274676816,0.7181840311587147,0.0625,0.11194590533433509
kumo_small,fe,1,18028,9,True,91.61698508262634,Black women,339,0.23008849557522124,0.2022819221019745,0.15057583628830148,0.7612240888102958,0.0038314176245210726,0.017699115044247787
kumo_small,fe,1,18028,9,True,91.61698508262634,White women,611,0.2127659574468085,0.20797660946846008,0.15661334960871104,0.6875579721733569,0.008316008316008316,0.008183306055646482
kumo_small,fe,2,12651,0,True,62.862722396850586,All,5460,0.24065934065934066,0.252847284078598,0.15636881984806308,0.7562980878307088,0.03352629040038591,0.06098901098901099
kumo_small,fe,2,12651,0,True,62.862722396850586,Men,4718,0.2507418397626113,0.2623746693134308,0.1617447876700804,0.7480602739660513,0.039321074964639324,0.06909707503179313
kumo_small,fe,2,12651,0,True,62.862722396850586,Women,742,0.1765498652291105,0.1922675222158432,0.1221857791684436,0.7884209342711861,0.0,0.009433962264150943
kumo_small,fe,2,12651,0,True,62.862722396850586,Black,3107,0.24074670099774703,0.26105597615242004,0.1610608751507379,0.7345001394137369,0.041966935142009325,0.06694560669456066
kumo_small,fe,2,12651,0,True,62.862722396850586,White,2353,0.24054398640034,0.24200814962387085,0.1501732330119345,0.7845155728158411,0.02238388360380526,0.053123671908202295
kumo_small,fe,2,12651,0,True,62.862722396850586,Black men,2846,0.2501756851721715,0.26917123794555664,0.1662500032502586,0.7256187936354159,0.04639175257731959,0.07273366127898806
kumo_small,fe,2,12651,0,True,62.862722396850586,White men,1872,0.2516025641025641,0.2520418167114258,0.1548955122741471,0.7814239449831861,0.028551034975017844,0.06356837606837606
kumo_small,fe,2,12651,0,True,62.862722396850586,Black women,261,0.13793103448275862,0.17256559431552887,0.1044775089774201,0.7907407407407407,0.0,0.0038314176245210726
kumo_small,fe,2,12651,0,True,62.862722396850586,White women,481,0.19750519750519752,0.20295819640159607,0.13179463264008004,0.7836378511044451,0.0,0.012474012474012475
kumo_small,fe,2,12651,1,True,62.839011430740356,All,5460,0.24065934065934066,0.2521583139896393,0.15621748639289654,0.757001852475952,0.03183791606367583,0.05860805860805861
kumo_small,fe,2,12651,1,True,62.839011430740356,Men,4718,0.2507418397626113,0.2617635726928711,0.1615917433843814,0.7486800871851464,0.03734087694483734,0.06634167019923697
kumo_small,fe,2,12651,1,True,62.839011430740356,Women,742,0.1765498652291105,0.19108328223228455,0.12204532401307758,0.7884459214652492,0.0,0.009433962264150943
kumo_small,fe,2,12651,1,True,62.839011430740356,Black,3107,0.24074670099774703,0.2602098882198334,0.16085133873419896,0.7354641343993761,0.039423484527342095,0.06243965239781139
kumo_small,fe,2,12651,1,True,62.839011430740356,White,2353,0.24054398640034,0.24152666330337524,0.1500987531908453,0.784697491304494,0.02182428651371013,0.05354866128346791
kumo_small,fe,2,12651,1,True,62.839011430740356,Black men,2846,0.2501756851721715,0.26837897300720215,0.16601998759984218,0.7265606078156756,0.04358013120899719,0.06781447645818693
kumo_small,fe,2,12651,1,True,62.839011430740356,White men,1872,0.2516025641025641,0.25170621275901794,0.1548594874884405,0.7814709238623913,0.027837259100642397,0.0641025641025641
kumo_small,fe,2,12651,1,True,62.839011430740356,Black women,261,0.13793103448275862,0.17113237082958221,0.10449128252109303,0.7911111111111111,0.0,0.0038314176245210726
kumo_small,fe,2,12651,1,True,62.839011430740356,White women,481,0.19750519750519752,0.20190903544425964,0.13157048997858273,0.7836651213526042,0.0,0.012474012474012475
kumo_small,fe,2,12651,2,True,63.294410705566406,All,5460,0.24065934065934066,0.2519936263561249,0.15605072584895657,0.7577476520987018,0.032320308731307285,0.06025641025641026
kumo_small,fe,2,12651,2,True,63.294410705566406,Men,4718,0.2507418397626113,0.26165348291397095,0.16136470320055585,0.7497210003574926,0.03790664780763791,0.06803730394234846
kumo_small,fe,2,12651,2,True,63.294410705566406,Women,742,0.1765498652291105,0.19057154655456543,0.12226185099067417,0.7873589785235067,0.0,0.01078167115902965
kumo_small,fe,2,12651,2,True,63.294410705566406,Black,3107,0.24074670099774703,0.2601662278175354,0.16066508875105723,0.7365550752267456,0.04111911827045358,0.0653363373028645
kumo_small,fe,2,12651,2,True,63.294410705566406,White,2353,0.24054398640034,0.2412022203207016,0.14995772732076842,0.785424176571667,0.020705092333519866,0.05354866128346791
kumo_small,fe,2,12651,2,True,63.294410705566406,Black men,2846,0.2501756851721715,0.2683453857898712,0.16581919167811088,0.7276926276549813,0.045454545454545456,0.07097680955727337
kumo_small,fe,2,12651,2,True,63.294410705566406,White men,1872,0.2516025641025641,0.25147977471351624,0.15459254817538412,0.7826423649470882,0.026409707351891507,0.06356837606837606
kumo_small,fe,2,12651,2,True,63.294410705566406,Black women,261,0.13793103448275862,0.17097868025302887,0.10446364457329972,0.7914814814814815,0.0,0.0038314176245210726
kumo_small,fe,2,12651,2,True,63.294410705566406,White women,481,0.19750519750519752,0.20120298862457275,0.13191950561631813,0.781947095718571,0.0,0.014553014553014554
kumo_small,fe,2,12651,3,True,62.02539563179016,All,5460,0.24065934065934066,0.25143325328826904,0.15627048621652176,0.7565989407919904,0.03424987940183309,0.06062271062271062
kumo_small,fe,2,12651,3,True,62.02539563179016,Men,4718,0.2507418397626113,0.26095589995384216,0.1616112325013811,0.7484347444525881,0.04016973125884017,0.06867316659601526
kumo_small,fe,2,12651,3,True,62.02539563179016,Women,742,0.1765498652291105,0.190883606672287,0.12231140134864263,0.7875838632700741,0.0,0.009433962264150943
kumo_small,fe,2,12651,3,True,62.02539563179016,Black,3107,0.24074670099774703,0.2594936192035675,0.16098879843730665,0.7346044163551582,0.04408647732089869,0.0663018989378822
kumo_small,fe,2,12651,3,True,62.02539563179016,White,2353,0.24054398640034,0.24079003930091858,0.15004022864322014,0.7849189572906801,0.021264689423614997,0.053123671908202295
kumo_small,fe,2,12651,3,True,62.02539563179016,Black men,2846,0.2501756851721715,0.26754030585289,0.16618221089004334,0.7256892157998377,0.04873477038425492,0.07203092059030218
kumo_small,fe,2,12651,3,True,62.02539563179016,White men,1872,0.2516025641025641,0.25094568729400635,0.15466197796391698,0.782093772873789,0.027123483226266953,0.06356837606837606
kumo_small,fe,2,12651,3,True,62.02539563179016,Black women,261,0.13793103448275862,0.17175082862377167,0.10435871475727346,0.7895061728395061,0.0,0.0038314176245210726
kumo_small,fe,2,12651,3,True,62.02539563179016,White women,481,0.19750519750519752,0.20126540958881378,0.13205287993564335,0.783310608126534,0.0,0.012474012474012475
kumo_small,fe,2,12651,4,True,69.96938991546631,All,5460,0.24065934065934066,0.2526788115501404,0.15614912821365373,0.7572500240462098,0.03376748673420164,0.06153846153846154
kumo_small,fe,2,12651,4,True,69.96938991546631,Men,4718,0.2507418397626113,0.2619750201702118,0.1615017489846991,0.7490564706754458,0.039603960396039604,0.0688851208139042
kumo_small,fe,2,12651,4,True,69.96938991546631,Women,742,0.1765498652291105,0.19356893002986908,0.12211453953738396,0.7881585687335241,0.0,0.014824797843665768
kumo_small,fe,2,12651,4,True,69.96938991546631,Black,3107,0.24074670099774703,0.260628342628479,0.16092511709888216,0.7351425193762426,0.0423908435777872,0.06501448342452526
kumo_small,fe,2,12651,4,True,69.96938991546631,White,2353,0.24054398640034,0.2421819418668747,0.1498427119508382,0.7858107533600542,0.02238388360380526,0.05694857628559286
kumo_small,fe,2,12651,4,True,69.96938991546631,Black men,2846,0.2501756851721715,0.26856672763824463,0.16607133332740256,0.7263727056853722,0.046860356138706656,0.07062543921293044
kumo_small,fe,2,12651,4,True,69.96938991546631,White men,1872,0.2516025641025641,0.25195369124412537,0.15455461381411473,0.7828105796435969,0.028551034975017844,0.06623931623931624
kumo_small,fe,2,12651,4,True,69.96938991546631,Black women,261,0.13793103448275862,0.17406639456748962,0.10480967117409706,0.79,0.0,0.0038314176245210726
kumo_small,fe,2,12651,4,True,69.96938991546631,White women,481,0.19750519750519752,0.20415136218070984,0.1315044992937621,0.783528770111808,0.0,0.02079002079002079
kumo_small,fe,2,12651,5,True,62.30750918388367,All,5460,0.24065934065934066,0.25227686762809753,0.15625331670800394,0.7568836405741428,0.03400868306801737,0.06043956043956044
kumo_small,fe,2,12651,5,True,62.30750918388367,Men,4718,0.2507418397626113,0.2617999017238617,0.16154873085127722,0.7489235169139423,0.039886845827439885,0.06867316659601526
kumo_small,fe,2,12651,5,True,62.30750918388367,Women,742,0.1765498652291105,0.19172453880310059,0.1225824758347379,0.7865468947164578,0.0,0.008086253369272238
kumo_small,fe,2,12651,5,True,62.30750918388367,Black,3107,0.24074670099774703,0.26067960262298584,0.16084466216196797,0.7356352845967089,0.0423908435777872,0.06598004505954297
kumo_small,fe,2,12651,5,True,62.30750918388367,White,2353,0.24054398640034,0.24118152260780334,0.15019071138481388,0.7842723557060117,0.02294348069390039,0.053123671908202295
kumo_small,fe,2,12651,5,True,62.30750918388367,Black men,2846,0.2501756851721715,0.26877859234809875,0.1659762279483533,0.7269370702273517,0.046860356138706656,0.07167955024595925
kumo_small,fe,2,12651,5,True,62.30750918388367,White men,1872,0.2516025641025641,0.2511902451515198,0.15481761079877807,0.7814663775192423,0.02926481084939329,0.0641025641025641
kumo_small,fe,2,12651,5,True,62.30750918388367,Black women,261,0.13793103448275862,0.1723664104938507,0.10488896780161307,0.7893827160493827,0.0,0.0038314176245210726
kumo_small,fe,2,12651,5,True,62.30750918388367,White women,481,0.19750519750519752,0.20222866535186768,0.13218331907100728,0.7818380147259341,0.0,0.010395010395010396
kumo_small,fe,2,12651,6,True,62.148319482803345,All,5460,0.24065934065934066,0.2523561418056488,0.1564763067063791,0.7558310223273647,0.03400868306801737,0.06098901098901099
kumo_small,fe,2,12651,6,True,62.148319482803345,Men,4718,0.2507418397626113,0.2618514895439148,0.16183520638055093,0.7475814252117157,0.039603960396039604,0.06846121237812633
kumo_small,fe,2,12651,6,True,62.148319482803345,Women,742,0.1765498652291105,0.19198007881641388,0.12240179368381461,0.7885708574355643,0.0016366612111292963,0.013477088948787063
kumo_small,fe,2,12651,6,True,62.148319482803345,Black,3107,0.24074670099774703,0.2604427933692932,0.1611811963941259,0.7340053906644934,0.0423908435777872,0.06565819118120374
kumo_small,fe,2,12651,6,True,62.148319482803345,White,2353,0.24054398640034,0.24167820811271667,0.1502637728092991,0.7839876137237726,0.02294348069390039,0.05482362940926477
kumo_small,fe,2,12651,6,True,62.148319482803345,Black men,2846,0.2501756851721715,0.2685118317604065,0.1664073214408827,0.7248711340206186,0.046860356138706656,0.0713281799016163
kumo_small,fe,2,12651,6,True,62.148319482803345,White men,1872,0.2516025641025641,0.25172582268714905,0.1548842237621193,0.7812057205120395,0.028551034975017844,0.0641025641025641
kumo_small,fe,2,12651,6,True,62.148319482803345,Black women,261,0.13793103448275862,0.17245645821094513,0.10419440757010368,0.7937037037037038,0.0,0.0038314176245210726
kumo_small,fe,2,12651,6,True,62.148319482803345,White women,481,0.19750519750519752,0.2025739699602127,0.13228147720913383,0.7817834742296155,0.0025906735751295338,0.018711018711018712
kumo_small,fe,2,12651,7,True,62.227025747299194,All,5460,0.24065934065934066,0.25223156809806824,0.15609990755667855,0.7576438495669113,0.03376748673420164,0.05989010989010989
kumo_small,fe,2,12651,7,True,62.227025747299194,Men,4718,0.2507418397626113,0.261823445558548,0.16145401863519143,0.7494812770734868,0.039603960396039604,0.06782534972445951
kumo_small,fe,2,12651,7,True,62.227025747299194,Women,742,0.1765498652291105,0.19124148786067963,0.122055842774436,0.7894329156307393,0.0,0.009433962264150943
kumo_small,fe,2,12651,7,True,62.227025747299194,Black,3107,0.24074670099774703,0.26062101125717163,0.16082293944579018,0.735647185769371,0.04154302670623145,0.06469262954618603
kumo_small,fe,2,12651,7,True,62.227025747299194,White,2353,0.24054398640034,0.241153746843338,0.14986341793514438,0.7861132917161834,0.023503077783995522,0.05354866128346791
kumo_small,fe,2,12651,7,True,62.227025747299194,Black men,2846,0.2501756851721715,0.2687970697879791,0.1659886446878203,0.7268745458757621,0.04592314901593252,0.07027406886858749
kumo_small,fe,2,12651,7,True,62.227025747299194,White men,1872,0.2516025641025641,0.2512214481830597,0.15456003052312858,0.7831318545594518,0.029978586723768737,0.0641025641025641
kumo_small,fe,2,12651,7,True,62.227025747299194,Black women,261,0.13793103448275862,0.1714676320552826,0.10449498113614357,0.7919753086419753,0.0,0.0038314176245210726
kumo_small,fe,2,12651,7,True,62.227025747299194,White women,481,0.19750519750519752,0.201971173286438,0.13158470948461135,0.7846741205344968,0.0,0.012474012474012475
kumo_small,fe,2,12651,8,True,62.17169547080994,All,5460,0.24065934065934066,0.25077033042907715,0.15625266631695445,0.7566892517480309,0.03497346840328027,0.06098901098901099
kumo_small,fe,2,12651,8,True,62.17169547080994,Men,4718,0.2507418397626113,0.2601582705974579,0.16164653774570817,0.748285291033632,0.04101838755304102,0.06909707503179313
kumo_small,fe,2,12651,8,True,62.17169547080994,Women,742,0.1765498652291105,0.19107705354690552,0.12195578572280331,0.7902200122437251,0.0,0.009433962264150943
kumo_small,fe,2,12651,8,True,62.17169547080994,Black,3107,0.24074670099774703,0.25909265875816345,0.16082615115657975,0.7354596006193145,0.04323866044934294,0.06565819118120374
kumo_small,fe,2,12651,8,True,62.17169547080994,White,2353,0.24054398640034,0.23978117108345032,0.1502136448988857,0.7844246135715148,0.024062674874090653,0.05482362940926477
kumo_small,fe,2,12651,8,True,62.17169547080994,Black men,2846,0.2501756851721715,0.2671305537223816,0.16603512899536096,0.7265046649747796,0.04779756326148079,0.0713281799016163
kumo_small,fe,2,12651,8,True,62.17169547080994,White men,1872,0.2516025641025641,0.24955834448337555,0.1549745662197938,0.7809299090276736,0.030692362598144184,0.06570512820512821
kumo_small,fe,2,12651,8,True,62.17169547080994,Black women,261,0.13793103448275862,0.17144553363323212,0.10402633916741781,0.7960493827160493,0.0,0.0038314176245210726
kumo_small,fe,2,12651,8,True,62.17169547080994,White women,481,0.19750519750519752,0.20172950625419617,0.13168465381210817,0.785001363512408,0.0,0.012474012474012475
kumo_small,fe,2,12651,9,True,62.05017018318176,All,5460,0.24065934065934066,0.25159716606140137,0.15637409707766203,0.7562476091459299,0.03183791606367583,0.057692307692307696
kumo_small,fe,2,12651,9,True,62.05017018318176,Men,4718,0.2507418397626113,0.26095137000083923,0.16176401144257535,0.7478421915371105,0.03734087694483734,0.06506994489190335
kumo_small,fe,2,12651,9,True,62.05017018318176,Women,742,0.1765498652291105,0.1921185553073883,0.12210237743660961,0.7899201659149686,0.0,0.01078167115902965
kumo_small,fe,2,12651,9,True,62.05017018318176,Black,3107,0.24074670099774703,0.2592047452926636,0.1610293756929502,0.7345007061362446,0.04111911827045358,0.0643707756678468
kumo_small,fe,2,12651,9,True,62.05017018318176,White,2353,0.24054398640034,0.24155180156230927,0.15022707172377325,0.7843909981986115,0.019585898153329603,0.04887377815554611
kumo_small,fe,2,12651,9,True,62.05017018318176,Black men,2846,0.2501756851721715,0.2671973705291748,0.16624275613115197,0.7254226646167455,0.045454545454545456,0.06992269852424456
kumo_small,fe,2,12651,9,True,62.05017018318176,White men,1872,0.2516025641025641,0.2514556050300598,0.15495497972051914,0.7811557107374018,0.024982155603140613,0.057692307692307696
kumo_small,fe,2,12651,9,True,62.05017018318176,Black women,261,0.13793103448275862,0.1720515936613083,0.10418155681508721,0.7950617283950617,0.0,0.0038314176245210726
kumo_small,fe,2,12651,9,True,62.05017018318176,White women,481,0.19750519750519752,0.2030072808265686,0.13182656492562694,0.7838560130897192,0.0,0.014553014553014554
kumo_small,fe,3,9398,0,True,42.19602060317993,All,4146,0.19826338639652677,0.1896011084318161,0.1449209063632425,0.7139366137594023,0.0024067388688327317,0.004341534008683068
kumo_small,fe,3,9398,0,True,42.19602060317993,Men,3535,0.2065063649222065,0.19949324429035187,0.1497955695075695,0.706678387419725,0.00285204991087344,0.005091937765205092
kumo_small,fe,3,9398,0,True,42.19602060317993,Women,611,0.15057283142389524,0.13236907124519348,0.11671806804049932,0.7458951160258022,0.0,0.0
kumo_small,fe,3,9398,0,True,42.19602060317993,Black,2359,0.19584569732937684,0.19983996450901031,0.1440303922266402,0.70813793481163,0.0031628887717448603,0.005934718100890208
kumo_small,fe,3,9398,0,True,42.19602060317993,White,1787,0.20145495243424735,0.17608486115932465,0.14609646475621663,0.726633185392821,0.001401541695865452,0.002238388360380526
kumo_small,fe,3,9398,0,True,42.19602060317993,Black men,2134,0.20290534208059982,0.20760609209537506,0.14847802994863724,0.7003555848821438,0.003527336860670194,0.006560449859418931
kumo_small,fe,3,9398,0,True,42.19602060317993,White men,1401,0.21199143468950749,0.18713578581809998,0.15180244275436577,0.7209412970282536,0.0018115942028985507,0.0028551034975017845
kumo_small,fe,3,9398,0,True,42.19602060317993,Black women,225,0.1288888888888889,0.1261826455593109,0.10184701934334398,0.7635467980295566,0.0,0.0
kumo_small,fe,3,9398,0,True,42.19602060317993,White women,386,0.16321243523316062,0.13597515225410461,0.1253864254416909,0.7360558258391076,0.0,0.0
kumo_small,fe,3,9398,1,True,42.00275921821594,All,4146,0.19826338639652677,0.18897302448749542,0.1449674523591545,0.7138118117590567,0.00210589651022864,0.00361794500723589
kumo_small,fe,3,9398,1,True,42.00275921821594,Men,3535,0.2065063649222065,0.19870474934577942,0.14985849543844126,0.7064859717236832,0.0024955436720142605,0.004243281471004243
kumo_small,fe,3,9398,1,True,42.00275921821594,Women,611,0.15057283142389524,0.13266918063163757,0.1166698463276019,0.7473402027310044,0.0,0.0
kumo_small,fe,3,9398,1,True,42.00275921821594,Black,2359,0.19584569732937684,0.198973149061203,0.1440436750508183,0.7083513042922637,0.002635740643120717,0.005086901229334464
kumo_small,fe,3,9398,1,True,42.00275921821594,White,1787,0.20145495243424735,0.17577198147773743,0.14618692111705328,0.7263081055828078,0.001401541695865452,0.0016787912702853946
kumo_small,fe,3,9398,1,True,42.00275921821594,Black men,2134,0.20290534208059982,0.20664910972118378,0.14850777494683182,0.700602688542129,0.0029394473838918285,0.005623242736644799
kumo_small,fe,3,9398,1,True,42.00275921821594,White men,1401,0.21199143468950749,0.18660394847393036,0.15191590980610326,0.7203862294442005,0.0018115942028985507,0.0021413276231263384
kumo_small,fe,3,9398,1,True,42.00275921821594,Black women,225,0.1288888888888889,0.12617099285125732,0.10170416759262749,0.7646023926812103,0.0,0.0
kumo_small,fe,3,9398,1,True,42.00275921821594,White women,386,0.16321243523316062,0.13645698130130768,0.12539336372493157,0.7365963929431422,0.0,0.0
kumo_small,fe,3,9398,2,True,42.05344843864441,All,4146,0.19826338639652677,0.188515305519104,0.14486842839753244,0.7144995037199048,0.002707581227436823,0.003859141341051616
kumo_small,fe,3,9398,2,True,42.05344843864441,Men,3535,0.2065063649222065,0.19831392168998718,0.14971601072452706,0.7074558640392646,0.0032085561497326204,0.004526166902404526
kumo_small,fe,3,9398,2,True,42.05344843864441,Women,611,0.15057283142389524,0.13182449340820312,0.11682226878063245,0.7469841668760996,0.0,0.0
kumo_small,fe,3,9398,2,True,42.05344843864441,Black,2359,0.19584569732937684,0.19835056364536285,0.14396117011618664,0.7087403898157719,0.0036900369003690036,0.005510809665112336
kumo_small,fe,3,9398,2,True,42.05344843864441,White,1787,0.20145495243424735,0.17553189396858215,0.14606609056076397,0.7269874639881647,0.001401541695865452,0.0016787912702853946
kumo_small,fe,3,9398,2,True,42.05344843864441,Black men,2134,0.20290534208059982,0.20609523355960846,0.14838854319414682,0.7011389849470425,0.00411522633744856,0.006091846298031865
kumo_small,fe,3,9398,2,True,42.05344843864441,White men,1401,0.21199143468950749,0.1864614486694336,0.15173800623475647,0.7215207631874299,0.0018115942028985507,0.0021413276231263384
kumo_small,fe,3,9398,2,True,42.05344843864441,Black women,225,0.1288888888888889,0.1248965784907341,0.1019699961234445,0.7658339197748064,0.0,0.0
kumo_small,fe,3,9398,2,True,42.05344843864441,White women,386,0.16321243523316062,0.1358627825975418,0.1254796815989415,0.7355644011990762,0.0,0.0
kumo_small,fe,3,9398,3,True,42.414228439331055,All,4146,0.19826338639652677,0.1881071776151657,0.1448239544267738,0.7139051387681127,0.002707581227436823,0.004582730342498794
kumo_small,fe,3,9398,3,True,42.414228439331055,Men,3535,0.2065063649222065,0.19764873385429382,0.14969126263829105,0.7066163651014579,0.0032085561497326204,0.005374823196605375
kumo_small,fe,3,9398,3,True,42.414228439331055,Women,611,0.15057283142389524,0.1329035609960556,0.11666366878403493,0.7481151042975622,0.0,0.0
kumo_small,fe,3,9398,3,True,42.414228439331055,Black,2359,0.19584569732937684,0.19829611480236053,0.14394247393037926,0.7078344252830283,0.0031628887717448603,0.005510809665112336
kumo_small,fe,3,9398,3,True,42.414228439331055,White,1787,0.20145495243424735,0.17465688288211823,0.14598758760584193,0.7271762827999688,0.002102312543798178,0.003357582540570789
kumo_small,fe,3,9398,3,True,42.414228439331055,Black men,2134,0.20290534208059982,0.20584999024868011,0.14835703548460555,0.7002822684115987,0.003527336860670194,0.006091846298031865
kumo_small,fe,3,9398,3,True,42.414228439331055,White men,1401,0.21199143468950749,0.18515661358833313,0.1517235543912995,0.7212493290391842,0.002717391304347826,0.004282655246252677
kumo_small,fe,3,9398,3,True,42.414228439331055,Black women,225,0.1288888888888889,0.126651793718338,0.10207281012273976,0.7635467980295567,0.0,0.0
kumo_small,fe,3,9398,3,True,42.414228439331055,White women,386,0.16321243523316062,0.1365477442741394,0.1251687029777951,0.7380706668632365,0.0,0.0
kumo_small,fe,3,9398,4,True,42.20120668411255,All,4146,0.19826338639652677,0.1891801357269287,0.14496541877230232,0.714169382299636,0.002707581227436823,0.003859141341051616
kumo_small,fe,3,9398,4,True,42.20120668411255,Men,3535,0.2065063649222065,0.19869141280651093,0.14982104704087254,0.7072009376602447,0.0032085561497326204,0.004526166902404526
kumo_small,fe,3,9398,4,True,42.20120668411255,Women,611,0.15057283142389524,0.13415171205997467,0.11687270857689176,0.744617575605261,0.0,0.0
kumo_small,fe,3,9398,4,True,42.20120668411255,Black,2359,0.19584569732937684,0.19941779971122742,0.1441024321809293,0.7082851255228694,0.0036900369003690036,0.005934718100890208
kumo_small,fe,3,9398,4,True,42.20120668411255,White,1787,0.20145495243424735,0.1756654679775238,0.1461046383408803,0.7268901347037295,0.001401541695865452,0.001119194180190263
kumo_small,fe,3,9398,4,True,42.20120668411255,Black men,2134,0.20290534208059982,0.20698009431362152,0.1485301291965512,0.7007819065812394,0.00411522633744856,0.006560449859418931
kumo_small,fe,3,9398,4,True,42.20120668411255,White men,1401,0.21199143468950749,0.18606609106063843,0.1517873701527796,0.7214811155028547,0.0018115942028985507,0.0014275517487508922
kumo_small,fe,3,9398,4,True,42.20120668411255,Black women,225,0.1288888888888889,0.127693772315979,0.10210818581943092,0.7609078114004222,0.0,0.0
kumo_small,fe,3,9398,4,True,42.20120668411255,White women,386,0.16321243523316062,0.13791605830192566,0.12547897184225104,0.7352695464150573,0.0,0.0
kumo_small,fe,3,9398,5,True,42.42952513694763,All,4146,0.19826338639652677,0.18922850489616394,0.14487876112613718,0.7146019804357311,0.0024067388688327317,0.003376748673420164
kumo_small,fe,3,9398,5,True,42.42952513694763,Men,3535,0.2065063649222065,0.19913239777088165,0.14979968464121005,0.7069181744927111,0.00285204991087344,0.0039603960396039604
kumo_small,fe,3,9398,5,True,42.42952513694763,Women,611,0.15057283142389524,0.13192851841449738,0.11640827892354699,0.7519267822736031,0.0,0.0
kumo_small,fe,3,9398,5,True,42.42952513694763,Black,2359,0.19584569732937684,0.19944411516189575,0.14397151284838616,0.7091762568831624,0.0031628887717448603,0.0046629927935565915
kumo_small,fe,3,9398,5,True,42.42952513694763,White,1787,0.20145495243424735,0.175742968916893,0.14607641008372796,0.7271840691427236,0.001401541695865452,0.0016787912702853946
kumo_small,fe,3,9398,5,True,42.42952513694763,Black men,2134,0.20290534208059982,0.20724257826805115,0.14846489542042943,0.7010765301758374,0.003527336860670194,0.005154639175257732
kumo_small,fe,3,9398,5,True,42.42952513694763,White men,1401,0.21199143468950749,0.1867789924144745,0.15183283253353402,0.7208742009466648,0.0018115942028985507,0.0021413276231263384
kumo_small,fe,3,9398,5,True,42.42952513694763,Black women,225,0.1288888888888889,0.125480055809021,0.10135427547620669,0.7716396903589021,0.0,0.0
kumo_small,fe,3,9398,5,True,42.42952513694763,White women,386,0.16321243523316062,0.13568732142448425,0.125183280933007,0.740282077743378,0.0,0.0
kumo_small,fe,3,9398,6,True,42.36052846908569,All,4146,0.19826338639652677,0.18839974701404572,0.14495494624323282,0.7138330390787636,0.0030084235860409147,0.004341534008683068
kumo_small,fe,3,9398,6,True,42.36052846908569,Men,3535,0.2065063649222065,0.1978825032711029,0.14982970649456007,0.7065655751715382,0.0035650623885918,0.005091937765205092
kumo_small,fe,3,9398,6,True,42.36052846908569,Women,611,0.15057283142389524,0.133536234498024,0.11675154609848362,0.7467747340202732,0.0,0.0
kumo_small,fe,3,9398,6,True,42.36052846908569,Black,2359,0.19584569732937684,0.19853374361991882,0.14402657285902926,0.7080706150289703,0.004217185028993147,0.00635862653666808
kumo_small,fe,3,9398,6,True,42.36052846908569,White,1787,0.20145495243424735,0.1750219762325287,0.14618048223278865,0.726333411196761,0.001401541695865452,0.0016787912702853946
kumo_small,fe,3,9398,6,True,42.36052846908569,Black men,2134,0.20290534208059982,0.20605747401714325,0.14847213869516426,0.7002700489998411,0.004703115814226925,0.007029053420805998
kumo_small,fe,3,9398,6,True,42.36052846908569,White men,1401,0.21199143468950749,0.18543045222759247,0.15189755066580246,0.7206332650173229,0.0018115942028985507,0.0021413276231263384
kumo_small,fe,3,9398,6,True,42.36052846908569,Black women,225,0.1288888888888889,0.12717516720294952,0.10186285066208652,0.7624912033779029,0.0,0.0
kumo_small,fe,3,9398,6,True,42.36052846908569,White women,386,0.16321243523316062,0.1372441053390503,0.1254301898114094,0.7377266696152145,0.0,0.0
kumo_small,fe,3,9398,7,True,42.19408941268921,All,4146,0.19826338639652677,0.18928654491901398,0.1450476270439113,0.7134114205907929,0.002707581227436823,0.003376748673420164
kumo_small,fe,3,9398,7,True,42.19408941268921,Men,3535,0.2065063649222065,0.19918103516101837,0.1498889661114118,0.7065689937245135,0.0032085561497326204,0.0039603960396039604
kumo_small,fe,3,9398,7,True,42.19408941268921,Women,611,0.15057283142389524,0.13204099237918854,0.11703758841279133,0.7440102203233644,0.0,0.0
kumo_small,fe,3,9398,7,True,42.19408941268921,Black,2359,0.19584569732937684,0.19953207671642303,0.14415501010646417,0.7078070409646583,0.0036900369003690036,0.0046629927935565915
kumo_small,fe,3,9398,7,True,42.19408941268921,White,1787,0.20145495243424735,0.17576152086257935,0.14622596132227605,0.7260355835863894,0.001401541695865452,0.0016787912702853946
kumo_small,fe,3,9398,7,True,42.19408941268921,Black men,2134,0.20290534208059982,0.20735129714012146,0.14859890419139576,0.7002225290652285,0.00411522633744856,0.005154639175257732
kumo_small,fe,3,9398,7,True,42.19408941268921,White men,1401,0.21199143468950749,0.1867360770702362,0.15185398548137205,0.7210175425755136,0.0018115942028985507,0.0021413276231263384
kumo_small,fe,3,9398,7,True,42.19408941268921,Black women,225,0.1288888888888889,0.12537097930908203,0.1020071435409351,0.7607318789584799,0.0,0.0
kumo_small,fe,3,9398,7,True,42.19408941268921,White women,386,0.16321243523316062,0.1359289437532425,0.1257988580919821,0.7324684259668779,0.0,0.0
kumo_small,fe,3,9398,8,True,41.94265556335449,All,4146,0.19826338639652677,0.18839684128761292,0.14498480444140424,0.7140958186572037,0.0030084235860409147,0.003376748673420164
kumo_small,fe,3,9398,8,True,41.94265556335449,Men,3535,0.2065063649222065,0.1980408877134323,0.1498223271433862,0.7072702854491735,0.0035650623885918,0.0039603960396039604
kumo_small,fe,3,9398,8,True,41.94265556335449,Women,611,0.15057283142389524,0.13260036706924438,0.1169968457646348,0.7436122978972941,0.0,0.0
kumo_small,fe,3,9398,8,True,41.94265556335449,Black,2359,0.19584569732937684,0.19824334979057312,0.1441417200472178,0.7077785156330227,0.004217185028993147,0.005086901229334464
kumo_small,fe,3,9398,8,True,41.94265556335449,White,1787,0.20145495243424735,0.175398588180542,0.14609775132774214,0.7273281164836877,0.001401541695865452,0.001119194180190263
kumo_small,fe,3,9398,8,True,41.94265556335449,Black men,2134,0.20290534208059982,0.2058987021446228,0.14857106791124397,0.7002659758625887,0.004703115814226925,0.005623242736644799
kumo_small,fe,3,9398,8,True,41.94265556335449,White men,1401,0.21199143468950749,0.18607188761234283,0.15172824234780552,0.7225119553018102,0.0018115942028985507,0.0014275517487508922
kumo_small,fe,3,9398,8,True,41.94265556335449,Black women,225,0.1288888888888889,0.12563669681549072,0.10213181630574297,0.7587966220971147,0.0,0.0
kumo_small,fe,3,9398,8,True,41.94265556335449,White women,386,0.16321243523316062,0.13665948808193207,0.12566169454248624,0.7342375546709912,0.0,0.0
kumo_small,fe,3,9398,9,True,42.711756467819214,All,4146,0.19826338639652677,0.1886242926120758,0.14500980705938143,0.7135234130016602,0.0030084235860409147,0.003376748673420164
kumo_small,fe,3,9398,9,True,42.711756467819214,Men,3535,0.2065063649222065,0.1982949823141098,0.1498740746201254,0.706411251922936,0.0035650623885918,0.0039603960396039604
kumo_small,fe,3,9398,9,True,42.711756467819214,Women,611,0.15057283142389524,0.13267359137535095,0.11686711339779408,0.7452877607439053,0.0,0.0
kumo_small,fe,3,9398,9,True,42.711756467819214,Black,2359,0.19584569732937684,0.19877929985523224,0.14412422427652785,0.7077374391554676,0.004217185028993147,0.005086901229334464
kumo_small,fe,3,9398,9,True,42.711756467819214,White,1787,0.20145495243424735,0.17521879076957703,0.1461788556238759,0.7262438682550806,0.001401541695865452,0.001119194180190263
kumo_small,fe,3,9398,9,True,42.711756467819214,Black men,2134,0.20290534208059982,0.20649030804634094,0.14851760591957822,0.7004764212873015,0.004703115814226925,0.005623242736644799
kumo_small,fe,3,9398,9,True,42.711756467819214,White men,1401,0.21199143468950749,0.1858118772506714,0.15194024464651207,0.7203130337188308,0.0018115942028985507,0.0014275517487508922
kumo_small,fe,3,9398,9,True,42.711756467819214,Black women,225,0.1288888888888889,0.12564469873905182,0.10245544015977497,0.7591484869809992,0.0,0.0
kumo_small,fe,3,9398,9,True,42.711756467819214,White women,386,0.16321243523316062,0.13677076995372772,0.12526770012980007,0.7370878175831737,0.0,0.0
