round,category,place,team,men,women,average
1,small,1,IdleSpeculation / TeamKlus / TeamKlus,0.1916,0.15420,0.1733
1,small,4,Team Smith / Sevigny / JianyeGe,0.1922,0.15550,0.1740
1,large,1,CrimeFree,0.1900,0.1538,0.1719
1,large,5,PASDA / KMG_BQR / PASDA,0.1914,0.1552,0.1734
2,small,1,MCHawks / Oracle / MCHawks,0.1658,0.1233,0.1450
2,small,4,VT-ISE / DEAP / DEAP,0.1685,0.1263,0.1481
2,large,1,TrueFit,0.1542,0.1196,0.1369
2,large,5,PASDA / Crescent Star / PASDA,0.1638,0.1245,0.1442
3,small,1,DEAP / TEAMSherrill / EconCGU,0.152370,0.11614,0.13577
3,small,4,Duddon Research / Oracle / MNLB,0.153400,0.11820,0.13630
3,large,1,IdleSpeculation / TrueFit / IdleSpeculation,0.1463,0.11390,0.13048
3,large,5,KMG BQR / EarlyStopping / PASDA,0.1507,0.11734,0.13430
