model,features,round,train,n_train,group,n,base_rate,mean_pred,brier,auc,fpr50,flag50
catboost,fe,2,risk set,12651,All,5460,0.24065934065934066,0.253309079896155,0.15814668241645627,0.7475979488399446,0.03207911239749156,0.05531135531135531
catboost,fe,2,risk set,12651,Men,4718,0.2507418397626113,0.26182368241837417,0.16343222299803198,0.7400665486183928,0.03564356435643564,0.060406952098346754
catboost,fe,2,risk set,12651,Women,742,0.1765498652291105,0.19916906008506288,0.12453862249209761,0.7762896515535788,0.011456628477905073,0.022911051212938006
catboost,fe,2,risk set,12651,Black,3107,0.24074670099774703,0.2607793980414662,0.16235828766694593,0.7270364039870063,0.03688003391267486,0.058577405857740586
catboost,fe,2,risk set,12651,White,2353,0.24054398640034,0.24344495814626885,0.1525855020028263,0.7745743206234267,0.02574146614437605,0.050998725031874206
catboost,fe,2,risk set,12651,Black men,2846,0.2501756851721715,0.26855282561702515,0.167568359096657,0.7182744858523846,0.04076850984067479,0.06359803232607168
catboost,fe,2,risk set,12651,White men,1872,0.2516025641025641,0.2515933717648695,0.15714405882245144,0.7735314932767162,0.027837259100642397,0.05555555555555555
catboost,fe,2,risk set,12651,Black women,261,0.13793103448275862,0.17601627589571578,0.10554655092764448,0.7901234567901235,0.0,0.0038314176245210726
catboost,fe,2,risk set,12651,White women,481,0.19750519750519752,0.21173221325225536,0.1348440916777988,0.7657212980638124,0.018134715025906734,0.033264033264033266
catboost,fe,2,naive,18028,All,5460,0.24065934065934066,0.17650687394121944,0.17179923383368784,0.6998847617516213,0.000241196333815726,0.0005494505494505495
catboost,fe,2,naive,18028,Men,4718,0.2507418397626113,0.1797075315886333,0.17837878662327622,0.6894066221016498,0.0002828854314002829,0.000423908435777872
catboost,fe,2,naive,18028,Women,742,0.1765498652291105,0.15615552248502187,0.12996320949234277,0.755038043002961,0.0,0.0013477088948787063
catboost,fe,2,naive,18028,Black,3107,0.24074670099774703,0.17683933472347985,0.17385463654813663,0.6808972577431297,0.0,0.000321853878339234
catboost,fe,2,naive,18028,White,2353,0.24054398640034,0.17606787876464355,0.16908519378532727,0.723941659531639,0.0005595970900951316,0.0008499787505312367
catboost,fe,2,naive,18028,Black men,2846,0.2501756851721715,0.18005616091190232,0.17964151427976668,0.6731009709044575,0.0,0.00035137034434293746
catboost,fe,2,naive,18028,White men,1872,0.2516025641025641,0.17917751072644122,0.1764590628463682,0.7129802643243905,0.0007137758743754461,0.0005341880341880342
catboost,fe,2,naive,18028,Black women,261,0.13793103448275862,0.14176237176466636,0.11075328013350381,0.732962962962963,0.0,0.0
catboost,fe,2,naive,18028,White women,481,0.19750519750519752,0.16396552734575537,0.1403868925747897,0.7603217889282793,0.0,0.002079002079002079
kumo_small,fe,2,risk set,12651,All,5460,0.24065934065934066,0.252847284078598,0.15636881984806308,0.7562980878307088,0.03352629040038591,0.06098901098901099
kumo_small,fe,2,risk set,12651,Men,4718,0.2507418397626113,0.2623746693134308,0.1617447876700804,0.7480602739660513,0.039321074964639324,0.06909707503179313
kumo_small,fe,2,risk set,12651,Women,742,0.1765498652291105,0.1922675222158432,0.1221857791684436,0.7884209342711861,0.0,0.009433962264150943
kumo_small,fe,2,risk set,12651,Black,3107,0.24074670099774703,0.26105597615242004,0.1610608751507379,0.7345001394137369,0.041966935142009325,0.06694560669456066
kumo_small,fe,2,risk set,12651,White,2353,0.24054398640034,0.24200814962387085,0.1501732330119345,0.7845155728158411,0.02238388360380526,0.053123671908202295
kumo_small,fe,2,risk set,12651,Black men,2846,0.2501756851721715,0.26917123794555664,0.1662500032502586,0.7256187936354159,0.04639175257731959,0.07273366127898806
kumo_small,fe,2,risk set,12651,White men,1872,0.2516025641025641,0.2520418167114258,0.1548955122741471,0.7814239449831861,0.028551034975017844,0.06356837606837606
kumo_small,fe,2,risk set,12651,Black women,261,0.13793103448275862,0.17256559431552887,0.1044775089774201,0.7907407407407407,0.0,0.0038314176245210726
kumo_small,fe,2,risk set,12651,White women,481,0.19750519750519752,0.20295819640159607,0.13179463264008004,0.7836378511044451,0.0,0.012474012474012475
kumo_small,fe,2,naive,18028,All,5460,0.24065934065934066,0.18210969865322113,0.16995388132784195,0.6982386059512717,0.000723589001447178,0.0018315018315018315
kumo_small,fe,2,naive,18028,Men,4718,0.2507418397626113,0.1852022111415863,0.1762463563356802,0.6895584667753093,0.0008486562942008486,0.0019075879610004239
kumo_small,fe,2,naive,18028,Women,742,0.1765498652291105,0.1624460220336914,0.12994323835347424,0.7413200734623506,0.0,0.0013477088948787063
kumo_small,fe,2,naive,18028,Black,3107,0.24074670099774703,0.1816505789756775,0.17221013387033154,0.6785215569907488,0.000423908435777872,0.002252977148374638
kumo_small,fe,2,naive,18028,White,2353,0.24054398640034,0.18271596729755402,0.16697463073306282,0.7232535330745609,0.001119194180190263,0.0012749681257968552
kumo_small,fe,2,naive,18028,Black men,2846,0.2501756851721715,0.18482132256031036,0.17757760782035964,0.6738854869791392,0.00046860356138706655,0.002459592410400562
kumo_small,fe,2,naive,18028,White men,1872,0.2516025641025641,0.1857813000679016,0.1742224558413438,0.712086150171776,0.0014275517487508922,0.0010683760683760685
kumo_small,fe,2,naive,18028,Black women,261,0.13793103448275862,0.14707615971565247,0.11368204627730537,0.6855555555555555,0.0,0.0
kumo_small,fe,2,naive,18028,White women,481,0.19750519750519752,0.17078600823879242,0.13876687896029352,0.7617671120807199,0.0,0.002079002079002079
catboost,fe,3,risk set,9398,All,4146,0.19826338639652677,0.18853598251377543,0.14721293267725097,0.7011735047915184,0.003910950661853189,0.00482392667631452
catboost,fe,3,risk set,9398,Men,3535,0.2065063649222065,0.197960365100775,0.15213102634899667,0.6942626913779211,0.004634581105169341,0.005657708628005658
catboost,fe,3,risk set,9398,Women,611,0.15057283142389524,0.1340102992976647,0.11875882280880397,0.7192762000502638,0.0,0.0
catboost,fe,3,risk set,9398,Black,2359,0.19584569732937684,0.19746723333333857,0.14589901024392157,0.698628730257618,0.005271481286241434,0.006782534972445952
catboost,fe,3,risk set,9398,White,1787,0.20145495243424735,0.1767459317676369,0.148947427931993,0.7085727633730436,0.002102312543798178,0.002238388360380526
catboost,fe,3,risk set,9398,Black men,2134,0.20290534208059982,0.20462455094352902,0.1503967811211011,0.6905746246264595,0.005878894767783657,0.007497656982193065
catboost,fe,3,risk set,9398,White men,1401,0.21199143468950749,0.18780949244664435,0.15477262471896755,0.703569511540526,0.002717391304347826,0.0028551034975017845
catboost,fe,3,risk set,9398,Black women,225,0.1288888888888889,0.12958405208824308,0.10324015223547234,0.7441942294159043,0.0,0.0
catboost,fe,3,risk set,9398,White women,386,0.16321243523316062,0.1365903656762136,0.12780468000828488,0.7063246351172048,0.0,0.0
catboost,fe,3,naive,18028,All,4146,0.19826338639652677,0.10216205692872371,0.16419206223553984,0.6222836350540638,0.0,0.0
catboost,fe,3,naive,18028,Men,3535,0.2065063649222065,0.10557627819383197,0.1701495977328114,0.6152780016116035,0.0,0.0
catboost,fe,3,naive,18028,Women,611,0.15057283142389524,0.082408747317991,0.1297241604632731,0.6178897545446929,0.0,0.0
catboost,fe,3,naive,18028,Black,2359,0.19584569732937684,0.10286024559328448,0.16324270956984574,0.6028965762755957,0.0,0.0
catboost,fe,3,naive,18028,White,1787,0.20145495243424735,0.10124038537880832,0.16544529275505437,0.6485244880479638,0.0,0.0
catboost,fe,3,naive,18028,Black men,2134,0.20290534208059982,0.10513873972374793,0.1687608590863359,0.5928763544878505,0.0,0.0
catboost,fe,3,naive,18028,White men,1401,0.21199143468950749,0.10624273579208986,0.1722649212671289,0.6495419167520615,0.0,0.0
catboost,fe,3,naive,18028,Black women,225,0.1288888888888889,0.0812499945959109,0.11090612704455663,0.648311048557354,0.0,0.0
catboost,fe,3,naive,18028,White women,386,0.16321243523316062,0.08308418608086154,0.14069322139387203,0.6024866086785591,0.0,0.0
kumo_small,fe,3,risk set,9398,All,4146,0.19826338639652677,0.1896011084318161,0.1449209063632425,0.7139366137594023,0.0024067388688327317,0.004341534008683068
kumo_small,fe,3,risk set,9398,Men,3535,0.2065063649222065,0.19949324429035187,0.1497955695075695,0.706678387419725,0.00285204991087344,0.005091937765205092
kumo_small,fe,3,risk set,9398,Women,611,0.15057283142389524,0.13236907124519348,0.11671806804049932,0.7458951160258022,0.0,0.0
kumo_small,fe,3,risk set,9398,Black,2359,0.19584569732937684,0.19983996450901031,0.1440303922266402,0.70813793481163,0.0031628887717448603,0.005934718100890208
kumo_small,fe,3,risk set,9398,White,1787,0.20145495243424735,0.17608486115932465,0.14609646475621663,0.726633185392821,0.001401541695865452,0.002238388360380526
kumo_small,fe,3,risk set,9398,Black men,2134,0.20290534208059982,0.20760609209537506,0.14847802994863724,0.7003555848821438,0.003527336860670194,0.006560449859418931
kumo_small,fe,3,risk set,9398,White men,1401,0.21199143468950749,0.18713578581809998,0.15180244275436577,0.7209412970282536,0.0018115942028985507,0.0028551034975017845
kumo_small,fe,3,risk set,9398,Black women,225,0.1288888888888889,0.1261826455593109,0.10184701934334398,0.7635467980295566,0.0,0.0
kumo_small,fe,3,risk set,9398,White women,386,0.16321243523316062,0.13597515225410461,0.1253864254416909,0.7360558258391076,0.0,0.0
kumo_small,fe,3,naive,18028,All,4146,0.19826338639652677,0.10709254443645477,0.16164271411247655,0.631329035167081,0.0,0.0
kumo_small,fe,3,naive,18028,Men,3535,0.2065063649222065,0.109556645154953,0.16738403258970463,0.6294840426830757,0.0,0.0
kumo_small,fe,3,naive,18028,Women,611,0.15057283142389524,0.09283624589443207,0.12842575696517478,0.6013026723632404,0.0,0.0
kumo_small,fe,3,naive,18028,Black,2359,0.19584569732937684,0.10762698203325272,0.16062790134528002,0.6085959375363699,0.0,0.0
kumo_small,fe,3,naive,18028,White,1787,0.20145495243424735,0.10638704150915146,0.1629823578269794,0.6632504087829946,0.0,0.0
kumo_small,fe,3,naive,18028,Black men,2134,0.20290534208059982,0.10925047099590302,0.16586620305143907,0.6043273010170624,0.0,0.0
kumo_small,fe,3,naive,18028,White men,1401,0.21199143468950749,0.11002301424741745,0.16969598707554245,0.6688472893183037,0.0,0.0
kumo_small,fe,3,naive,18028,Black women,225,0.1288888888888889,0.09222908318042755,0.11094551982997568,0.6078465869106263,0.0,0.0
kumo_small,fe,3,naive,18028,White women,386,0.16321243523316062,0.09319015592336655,0.13861501436263537,0.5930021131259522,0.0,0.0
